createAt,VA,VB,Fre
2026-04-26 10:00:00,125.61545454545454,125.68,59.98227272727272
2026-04-26 11:00:00,125.10142857142857,125.07571428571428,59.99571428571429
2026-04-26 12:00:00,,,
2026-04-26 13:00:00,,,
2026-04-26 14:00:00,126.35000000000001,126.3,59.95666666666667
2026-04-26 15:00:00,126.21416666666666,126.22874999999999,59.99916666666667
2026-04-26 16:00:00,125.78684210526315,125.8,59.984078947368424
2026-04-26 17:00:00,126.0456338028169,126.08549295774648,59.98774647887324
2026-04-26 18:00:00,125.74444444444444,125.75679012345678,59.98111111111111
2026-04-26 19:00:00,124.85453333333334,124.88386666666665,59.989866666666664
2026-04-26 20:00:00,125.43546666666667,125.46973333333332,59.988933333333335
2026-04-26 21:00:00,126.75958333333334,126.79958333333333,59.988749999999996
2026-04-26 22:00:00,127.05707317073171,127.07524390243903,59.99219512195121
2026-04-26 23:00:00,127.51025974025973,127.51714285714286,59.9938961038961
2026-04-27 00:00:00,127.90935064935066,127.94792207792207,59.997142857142855
2026-04-27 01:00:00,128.40194805194807,128.40350649350648,59.98779220779221
2026-04-27 02:00:00,128.43268292682927,128.465,59.99414634146342
2026-04-27 03:00:00,128.14278481012659,128.1460759493671,59.9926582278481
2026-04-27 04:00:00,128.17820512820512,128.20538461538462,59.989487179487185
2026-04-27 05:00:00,126.2838888888889,126.31375,59.99152777777778
2026-04-27 06:00:00,123.3091304347826,123.33985507246378,59.989420289855076
2026-04-27 07:00:00,123.96173333333334,123.94746666666666,59.98906666666667
2026-04-27 08:00:00,124.40293333333332,124.42160000000001,59.98973333333333
2026-04-27 09:00:00,125.48166666666667,125.52749999999999,59.99458333333333
2026-04-27 10:00:00,123.59625,123.64111111111112,59.98472222222222
2026-04-27 11:00:00,122.50380281690141,122.50760563380283,59.9930985915493
2026-04-27 12:00:00,124.12546666666667,124.14653333333332,59.9912
2026-04-27 13:00:00,124.74094594594594,124.78216216216215,59.991756756756764
2026-04-27 14:00:00,124.6412658227848,124.66,59.992911392405055
2026-04-27 15:00:00,125.21578947368421,125.2661842105263,59.990526315789474
2026-04-27 16:00:00,124.67053333333334,124.67920000000001,59.9868
2026-04-27 17:00:00,124.77263888888888,124.78180555555554,59.990833333333335
2026-04-27 18:00:00,124.85058823529413,124.87985294117647,59.99088235294118
2026-04-27 19:00:00,124.28458333333333,124.31958333333334,59.9938888888889
2026-04-27 20:00:00,125.43986666666666,125.46853333333333,59.98626666666667
2026-04-27 21:00:00,126.9530303030303,126.99772727272727,59.98772727272728
2026-04-27 22:00:00,127.2136111111111,127.2298611111111,59.9938888888889
2026-04-27 23:00:00,127.33602564102566,127.38307692307691,59.993589743589745
2026-04-28 00:00:00,127.71444444444445,127.73444444444443,59.98305555555555
2026-04-28 01:00:00,128.29641791044776,128.32567164179105,59.99074626865672
2026-04-28 02:00:00,128.45985714285715,128.49871428571427,59.99328571428571
2026-04-28 03:00:00,128.52890410958904,128.53890410958905,59.990410958904114
2026-04-28 04:00:00,128.372676056338,128.4049295774648,59.98267605633802
2026-04-28 05:00:00,126.26458333333332,126.29083333333334,59.98027777777778
2026-04-28 06:00:00,125.37904109589041,125.42013698630137,59.98328767123287
2026-04-28 07:00:00,124.66973684210525,124.7082894736842,59.986578947368415
2026-04-28 08:00:00,124.12641791044776,124.16462686567165,59.99358208955224
2026-04-28 09:00:00,125.45378378378378,125.47310810810811,59.99013513513514
2026-04-28 10:00:00,122.9048611111111,122.93722222222222,59.98916666666667
2026-04-28 11:00:00,121.88319444444444,122.0261111111111,59.994027777777774
2026-04-28 12:00:00,123.79527777777778,123.81916666666666,59.989583333333336
2026-04-28 13:00:00,125.11937499999999,125.13775000000001,59.98825000000001
2026-04-28 14:00:00,124.57184210526314,124.59039473684211,59.99407894736842
2026-04-28 15:00:00,124.53144736842104,124.53631578947369,59.99118421052631
2026-04-28 16:00:00,124.22240506329113,124.24481012658228,59.99063291139241
2026-04-28 17:00:00,124.6455421686747,124.68855421686746,59.98795180722892
2026-04-28 18:00:00,123.7102985074627,123.75761194029852,59.98641791044776
2026-04-28 19:00:00,124.02662337662336,124.05766233766235,59.9938961038961
2026-04-28 20:00:00,125.21453333333334,125.24373333333334,59.99946666666667
2026-04-28 21:00:00,125.9586301369863,125.95917808219178,59.985205479452055
2026-04-28 22:00:00,126.7784722222222,126.82124999999999,59.989583333333336
2026-04-28 23:00:00,127.55246753246755,127.57974025974025,59.99077922077922
2026-04-29 00:00:00,127.66959459459459,127.69202702702701,59.991756756756764
2026-04-29 01:00:00,127.76777777777778,127.78999999999999,59.985972222222216
2026-04-29 02:00:00,128.1990909090909,128.22151515151518,59.9969696969697
2026-04-29 03:00:00,127.70162162162163,127.70297297297297,59.98891891891892
2026-04-29 04:00:00,127.36720588235293,127.38764705882353,59.993088235294124
2026-04-29 05:00:00,125.587,125.57300000000001,59.988285714285716
2026-04-29 06:00:00,122.92394736842104,122.94276315789473,59.98486842105264
2026-04-29 07:00:00,124.6569014084507,124.68,59.99239436619718
2026-04-29 08:00:00,125.44441176470588,125.47441176470589,59.985735294117646
2026-04-29 09:00:00,124.72871428571429,124.72728571428571,59.99042857142857
2026-04-29 10:00:00,125.11893333333333,125.12013333333334,59.986399999999996
2026-04-29 11:00:00,124.17301369863013,124.18123287671233,59.987671232876714
2026-04-29 12:00:00,125.141,125.18399999999998,59.98914285714285
2026-04-29 13:00:00,125.05055555555555,125.08208333333333,59.9925
2026-04-29 14:00:00,125.32416666666667,125.35111111111112,59.989583333333336
2026-04-29 15:00:00,124.50573333333334,124.55680000000001,59.98813333333333
2026-04-29 16:00:00,124.33459459459459,124.36635135135135,59.99054054054054
2026-04-29 17:00:00,123.80631578947369,123.83118421052632,59.98605263157894
2026-04-29 18:00:00,123.4595588235294,123.49558823529412,59.98573529411765
2026-04-29 19:00:00,124.66050632911393,124.69911392405062,59.98797468354431
2026-04-29 20:00:00,124.36611111111112,124.37472222222222,59.99111111111111
2026-04-29 21:00:00,125.56824324324323,125.59581081081082,59.99081081081081
2026-04-29 22:00:00,126.67620253164557,126.70632911392404,59.993544303797464
2026-04-29 23:00:00,127.32840579710145,127.34434782608696,59.990724637681154
2026-04-30 00:00:00,127.59861111111111,127.62027777777777,59.99180555555555
2026-04-30 01:00:00,127.5777142857143,127.59242857142856,59.99214285714285
2026-04-30 02:00:00,128.00647887323942,128.0383098591549,59.98943661971831
2026-04-30 03:00:00,128.26546666666667,128.28493333333333,59.992266666666666
2026-04-30 04:00:00,127.89164383561643,127.9304109589041,59.993013698630136
2026-04-30 05:00:00,126.58039473684211,126.60644736842106,59.98947368421052
2026-04-30 06:00:00,125.30542857142856,125.31685714285715,59.991285714285716
2026-04-30 07:00:00,124.35089743589745,124.33730769230769,59.9948717948718
2026-04-30 08:00:00,124.26424657534248,124.30794520547944,59.991232876712324
2026-04-30 09:00:00,124.685,124.70783783783783,59.99283783783784
2026-04-30 10:00:00,124.18985714285715,124.22528571428572,59.995428571428576
2026-04-30 11:00:00,122.87173913043478,122.88884057971015,59.99101449275363
2026-04-30 12:00:00,122.78861111111112,122.81305555555556,59.993750000000006
2026-04-30 13:00:00,124.04014084507043,124.06070422535211,59.984084507042255
2026-04-30 14:00:00,124.05283783783784,124.05662162162163,59.99283783783784
2026-04-30 15:00:00,124.15376811594204,124.18101449275362,59.98826086956521
2026-04-30 16:00:00,124.18541666666667,124.23055555555555,59.99263888888889
2026-04-30 17:00:00,124.84818181818181,124.86987012987012,59.99376623376624
2026-04-30 18:00:00,124.81266666666667,124.83546666666666,59.99253333333333
2026-04-30 19:00:00,124.32861111111112,124.35472222222221,59.99319444444445
2026-04-30 20:00:00,126.03653846153847,126.04974358974358,59.99384615384616
2026-04-30 21:00:00,125.43279999999999,125.4424,59.99493333333333
2026-04-30 22:00:00,126.88835616438357,126.90876712328767,59.99246575342465
2026-04-30 23:00:00,126.53000000000002,126.55697368421052,59.98394736842105
2026-05-01 00:00:00,127.08283783783783,127.09797297297297,59.98986486486486
2026-05-01 01:00:00,127.83565789473684,127.85934210526315,59.98736842105263
2026-05-01 02:00:00,128.00272727272727,128.03948051948052,59.99064935064935
2026-05-01 03:00:00,127.96581081081081,128.0,59.9972972972973
2026-05-01 04:00:00,127.77562499999999,127.80274999999999,59.99037499999999
2026-05-01 05:00:00,127.46546666666667,127.49466666666667,59.99386666666667
2026-05-01 06:00:00,127.56098591549296,127.61845070422535,59.988732394366195
2026-05-01 07:00:00,126.90452054794521,126.93424657534247,59.987671232876714
2026-05-01 08:00:00,125.21013888888888,125.23791666666665,59.99263888888889
2026-05-01 09:00:00,125.68792207792207,125.70311688311688,59.988831168831176
2026-05-01 10:00:00,124.88380281690141,124.88140845070423,59.99450704225352
2026-05-01 11:00:00,123.84391304347825,123.83869565217393,59.9991304347826
2026-05-01 12:00:00,122.9061038961039,122.97129870129869,59.98662337662338
2026-05-01 13:00:00,124.60506849315068,124.63493150684933,59.99465753424657
2026-05-01 14:00:00,125.84289855072464,125.85826086956521,59.996521739130436
2026-05-01 15:00:00,125.04618421052632,125.07026315789474,59.987500000000004
2026-05-01 16:00:00,124.85728571428572,124.89142857142856,59.99171428571429
2026-05-01 17:00:00,124.88134146341464,124.89134146341463,59.99085365853659
2026-05-01 18:00:00,124.9321052631579,124.95263157894736,59.99078947368421
2026-05-01 19:00:00,125.89693333333334,125.91813333333334,59.99146666666666
2026-05-01 20:00:00,126.57448717948718,126.58615384615383,59.994615384615386
2026-05-01 21:00:00,127.09576923076922,127.11692307692309,59.99269230769231
2026-05-01 22:00:00,127.43449275362318,127.4413043478261,59.99971014492753
2026-05-01 23:00:00,127.74953488372093,127.78313953488373,59.99093023255814
2026-05-02 00:00:00,127.34,127.3524358974359,59.991025641025644
2026-05-02 01:00:00,127.84148648648649,127.87608108108108,59.98932432432432
2026-05-02 02:00:00,127.971375,128.004,59.99037499999999
2026-05-02 03:00:00,128.22038461538463,128.23128205128205,59.987051282051276
2026-05-02 04:00:00,127.91804878048781,127.95682926829267,59.99
2026-05-02 05:00:00,127.7201388888889,127.77444444444444,59.98458333333334
2026-05-02 06:00:00,126.86578313253013,126.88072289156626,59.9910843373494
2026-05-02 07:00:00,125.49458333333334,125.50069444444443,59.985833333333325
2026-05-02 08:00:00,124.07582278481013,124.10772151898735,59.994556962025314
2026-05-02 09:00:00,124.67049382716048,124.70037037037036,59.98814814814815
2026-05-02 10:00:00,124.61192307692308,124.66282051282052,59.9951282051282
2026-05-02 11:00:00,123.79974358974358,123.81820512820512,59.99320512820513
2026-05-02 12:00:00,123.16126760563381,123.1712676056338,59.98957746478874
2026-05-02 13:00:00,125.10025974025973,125.14233766233768,59.988571428571426
2026-05-02 14:00:00,123.67275362318841,123.70666666666666,59.99492753623188
2026-05-02 15:00:00,124.96600000000001,125.02413333333332,59.98733333333334
2026-05-02 16:00:00,125.56407894736843,125.59723684210526,59.99210526315789
2026-05-02 17:00:00,125.54015873015872,125.58857142857143,59.9915873015873
2026-05-02 18:00:00,125.3217105263158,125.34802631578948,59.98513157894737
2026-05-02 19:00:00,124.3474647887324,124.37802816901409,59.98774647887324
2026-05-02 20:00:00,126.35885714285716,126.3847142857143,59.998571428571424
2026-05-02 21:00:00,126.68884057971016,126.71942028985507,60.00072463768116
2026-05-02 22:00:00,127.14934210526316,127.1828947368421,59.99263157894736
2026-05-02 23:00:00,127.62378378378378,127.65594594594596,59.98689189189189
2026-05-03 00:00:00,127.84478873239436,127.87394366197182,60.000140845070426
2026-05-03 01:00:00,127.43532467532468,127.44948051948053,59.98896103896104
2026-05-03 02:00:00,127.81971428571427,127.86057142857142,59.99785714285715
2026-05-03 03:00:00,128.1166153846154,128.1616923076923,59.98030769230769
2026-05-03 04:00:00,128.19613333333334,128.20413333333332,59.995200000000004
2026-05-03 05:00:00,128.11589041095888,128.0990410958904,59.98945205479451
2026-05-03 06:00:00,128.24729411764707,128.25423529411765,59.997058823529414
2026-05-03 07:00:00,127.07402298850575,127.09885057471264,59.98885057471264
2026-05-03 08:00:00,125.72155555555557,125.7561111111111,59.98322222222222
2026-05-03 09:00:00,124.85780219780219,124.8987912087912,59.99032967032967
2026-05-03 10:00:00,125.97397435897435,125.99346153846153,59.99089743589744
2026-05-03 11:00:00,124.77805194805195,124.79753246753246,59.989090909090905
2026-05-03 12:00:00,124.39233766233765,124.42727272727272,59.99519480519481
2026-05-03 13:00:00,125.46169014084508,125.4669014084507,59.984788732394364
2026-05-03 14:00:00,125.53506493506494,125.59623376623377,59.985844155844156
2026-05-03 15:00:00,125.97797297297298,125.97445945945947,59.9922972972973
2026-05-03 16:00:00,125.6718309859155,125.6918309859155,59.99183098591549
2026-05-03 17:00:00,124.37986301369862,124.40493150684931,59.985342465753426
2026-05-03 18:00:00,124.83293333333333,124.85666666666667,59.99986666666666
2026-05-03 19:00:00,124.77291666666666,124.80305555555555,59.98833333333333
2026-05-03 20:00:00,125.12987654320989,125.19296296296295,59.99246913580247
2026-05-03 21:00:00,126.14679012345678,126.16765432098765,59.99246913580247
2026-05-03 22:00:00,127.46486486486486,127.49270270270272,59.98513513513513
2026-05-03 23:00:00,127.08239436619719,127.11394366197183,59.98225352112676
2026-05-04 00:00:00,127.78592105263158,127.81776315789473,59.990526315789474
2026-05-04 01:00:00,127.93625,128.02,59.97625
2026-05-04 02:00:00,128.09533333333331,128.11666666666667,59.99653333333333
2026-05-04 03:00:00,128.6726923076923,128.68602564102565,59.9974358974359
2026-05-04 04:00:00,128.4669512195122,128.4998780487805,59.98865853658536
2026-05-04 05:00:00,127.3984,127.42573333333334,59.9968
2026-05-04 06:00:00,126.00693333333334,126.04026666666667,59.9884
2026-05-04 07:00:00,125.6325641025641,125.64794871794872,59.991794871794866
2026-05-04 08:00:00,122.8241095890411,122.8509589041096,59.99150684931507
2026-05-04 09:00:00,124.70459459459458,124.73972972972973,59.98932432432432
2026-05-04 10:00:00,122.85144927536231,122.88681159420291,59.993478260869566
2026-05-04 11:00:00,123.53721518987342,123.58,59.99556962025316
2026-05-04 12:00:00,124.39355263157894,124.41763157894736,59.99013157894737
2026-05-04 13:00:00,124.69102564102563,124.72192307692308,59.985769230769236
2026-05-04 14:00:00,124.70532467532468,124.71623376623376,59.99116883116883
2026-05-04 15:00:00,124.29194805194804,124.31311688311689,59.99103896103897
2026-05-04 16:00:00,124.6775641025641,124.70166666666667,59.991410256410255
2026-05-04 17:00:00,125.11329113924052,125.15696202531645,59.99088607594936
2026-05-04 18:00:00,124.966625,125.0035,59.988625
2026-05-04 19:00:00,125.11550724637681,125.14753623188406,59.991449275362314
2026-05-04 20:00:00,125.50933333333334,125.51133333333334,59.9884
2026-05-04 21:00:00,127.17024691358026,127.19333333333333,59.99049382716049
2026-05-04 22:00:00,127.37410958904108,127.38342465753425,59.991369863013695
2026-05-04 23:00:00,127.61109589041097,127.64068493150685,59.990410958904114
2026-05-05 00:00:00,127.86111111111111,127.88305555555556,59.98930555555556
2026-05-05 01:00:00,128.21397260273974,128.24972602739726,59.986027397260266
2026-05-05 02:00:00,128.31815789473686,128.35026315789474,59.98263157894737
2026-05-05 03:00:00,128.39402439024389,128.43280487804878,59.992073170731715
2026-05-05 04:00:00,128.16849315068492,128.19356164383564,59.98041095890411
2026-05-05 05:00:00,126.57855263157894,126.64197368421051,59.99210526315789
2026-05-05 06:00:00,124.1323188405797,124.18028985507247,59.9955072463768
2026-05-05 07:00:00,123.83194444444445,123.85000000000001,59.981249999999996
2026-05-05 08:00:00,124.10493506493506,124.1357142857143,59.984935064935065
2026-05-05 09:00:00,124.20623376623375,124.23428571428573,59.98506493506494
2026-05-05 10:00:00,123.70605263157894,123.73881578947368,59.98394736842105
2026-05-05 11:00:00,122.8453164556962,122.8493670886076,59.98746835443038
2026-05-05 12:00:00,124.4883116883117,124.49181818181819,59.9887012987013
2026-05-05 13:00:00,125.43612499999999,125.46,59.99225
2026-05-05 14:00:00,125.31657894736841,125.34947368421052,59.98986842105263
2026-05-05 15:00:00,124.8038961038961,124.84402597402597,59.9912987012987
2026-05-05 16:00:00,125.03078947368421,125.06934210526316,59.98776315789473
2026-05-05 17:00:00,125.54432835820894,125.56238805970149,59.99089552238806
2026-05-05 18:00:00,124.81428571428572,124.84363636363635,59.989610389610384
2026-05-05 19:00:00,125.3478205128205,125.38653846153845,59.993589743589745
2026-05-05 20:00:00,125.98743902439024,125.99085365853658,59.99548780487805
2026-05-05 21:00:00,126.63613333333335,126.66040000000001,60.001599999999996
2026-05-05 22:00:00,127.32272727272728,127.33714285714285,59.98974025974026
2026-05-05 23:00:00,128.065,128.10488372093025,59.994418604651166
2026-05-06 00:00:00,127.95164383561642,127.98287671232876,59.98835616438355
2026-05-06 01:00:00,128.24109756097562,128.25878048780487,59.9909756097561
2026-05-06 02:00:00,128.04780821917808,128.09534246575342,59.99000000000001
2026-05-06 03:00:00,127.95680555555555,127.98833333333333,59.99458333333333
2026-05-06 04:00:00,127.6320731707317,127.65731707317073,59.99
2026-05-06 05:00:00,125.9340476190476,125.95476190476191,59.98952380952381
2026-05-06 06:00:00,123.73864864864865,123.77527027027028,59.99081081081081
2026-05-06 07:00:00,124.5696,124.60546666666666,59.988533333333336
2026-05-06 08:00:00,123.41910256410257,123.4423076923077,59.99282051282051
2026-05-06 09:00:00,123.90698630136987,123.91602739726028,59.990273972602736
2026-05-06 10:00:00,124.12194029850747,124.15537313432836,59.995522388059705
2026-05-06 11:00:00,123.28499999999998,123.30676470588236,59.98705882352941
2026-05-06 12:00:00,124.64402597402598,124.69194805194806,59.99454545454545
2026-05-06 13:00:00,124.57537500000001,124.60799999999999,59.9855
2026-05-06 14:00:00,124.36347826086957,124.39246376811595,59.98652173913043
2026-05-06 15:00:00,124.7541975308642,124.77641975308642,59.99641975308642
2026-05-06 16:00:00,124.68186666666666,124.71586666666667,59.992266666666666
2026-05-06 17:00:00,124.98866666666666,125.01653333333333,59.9912
2026-05-06 18:00:00,124.69025974025973,124.71766233766235,59.99415584415585
2026-05-06 19:00:00,125.43063291139241,125.48430379746836,59.988354430379744
2026-05-06 20:00:00,125.73915662650603,125.76843373493976,59.988915662650605
2026-05-06 21:00:00,126.329375,126.360125,59.99325
2026-05-06 22:00:00,126.63731343283582,126.68253731343283,59.99716417910448
2026-05-06 23:00:00,126.90710843373493,126.93421686746987,59.986746987951804
2026-05-07 00:00:00,127.45013513513513,127.48648648648648,59.99527027027027
2026-05-07 01:00:00,127.41197368421052,127.42973684210526,59.99381578947368
2026-05-07 02:00:00,127.4769512195122,127.52621951219511,59.98743902439025
2026-05-07 03:00:00,127.7936231884058,127.83420289855071,59.98536231884058
2026-05-07 04:00:00,127.708375,127.737,59.97825
2026-05-07 05:00:00,125.00342857142857,125.04185714285715,59.98771428571429
2026-05-07 06:00:00,123.95972972972973,124.0,59.988378378378385
2026-05-07 07:00:00,124.65388888888889,124.68527777777778,59.98708333333333
2026-05-07 08:00:00,125.00582278481012,125.0345569620253,59.99367088607595
2026-05-07 09:00:00,124.79358208955225,124.83283582089551,59.98820895522388
2026-05-07 10:00:00,124.3376,124.35199999999999,59.99013333333334
2026-05-07 11:00:00,123.62337837837836,123.63013513513512,59.99405405405406
2026-05-07 12:00:00,125.26124999999999,125.30850000000001,59.99249999999999
2026-05-07 13:00:00,125.34763157894737,125.37315789473685,59.98421052631579
2026-05-07 14:00:00,124.3972839506173,124.43172839506173,59.98901234567901
2026-05-07 15:00:00,124.40484848484847,124.42257575757574,59.99181818181818
2026-05-07 16:00:00,125.17050632911392,125.19101265822785,59.986835443037975
2026-05-07 17:00:00,123.93691358024691,123.99296296296296,59.994814814814816
2026-05-07 18:00:00,124.89645569620252,124.90645569620254,59.987721518987335
2026-05-07 19:00:00,124.8863157894737,124.92802631578948,59.98368421052632
2026-05-07 20:00:00,125.36095238095238,125.39809523809524,59.991904761904756
2026-05-07 21:00:00,126.17175,126.19175,59.988
2026-05-07 22:00:00,126.29465753424658,126.33561643835617,59.989315068493156
2026-05-07 23:00:00,126.76833333333333,126.80555555555556,59.98708333333333
2026-05-08 00:00:00,127.4823076923077,127.5024358974359,59.97935897435898
2026-05-08 01:00:00,127.82385714285715,127.82628571428572,59.98614285714285
2026-05-08 02:00:00,128.10078125,128.11609375,59.9959375
2026-05-08 03:00:00,128.295,128.31914285714285,59.988285714285716
2026-05-08 04:00:00,128.05315789473684,128.08184210526315,59.98684210526316
2026-05-08 05:00:00,126.26369863013699,126.28739726027396,59.991232876712324
2026-05-08 06:00:00,124.0124,124.04480000000001,59.99706666666666
2026-05-08 07:00:00,123.875375,123.91487500000001,59.989875
2026-05-08 08:00:00,123.80948051948052,123.82415584415584,59.99233766233766
2026-05-08 09:00:00,123.86939024390244,123.91426829268292,59.987073170731705
2026-05-08 10:00:00,124.73518987341772,124.74962025316455,59.9846835443038
2026-05-08 11:00:00,124.44376623376624,124.4657142857143,59.98714285714286
2026-05-08 12:00:00,123.55999999999999,123.58802631578948,59.990921052631585
2026-05-08 13:00:00,124.09628205128206,124.1325641025641,59.98628205128205
2026-05-08 14:00:00,123.63170731707316,123.6548780487805,59.9879268292683
2026-05-08 15:00:00,124.0123880597015,124.03432835820894,59.99746268656716
2026-05-08 16:00:00,123.35337349397591,123.3701204819277,59.99144578313253
2026-05-08 17:00:00,125.00319999999999,125.00800000000001,59.991733333333336
2026-05-08 18:00:00,125.11380281690141,125.14549295774648,59.98830985915493
2026-05-08 19:00:00,125.14576923076925,125.18666666666665,59.985128205128206
2026-05-08 20:00:00,125.77906666666667,125.80293333333333,59.98973333333333
2026-05-08 21:00:00,126.40479452054794,126.44479452054793,59.991369863013695
2026-05-08 22:00:00,127.13933333333334,127.15893333333334,59.9868
2026-05-08 23:00:00,127.38448717948718,127.39717948717949,59.98961538461538
2026-05-09 00:00:00,127.75314285714285,127.75328571428571,59.98728571428571
2026-05-09 01:00:00,128.1588888888889,128.19703703703703,59.994814814814816
2026-05-09 02:00:00,128.4005063291139,128.41962025316454,59.984177215189874
2026-05-09 03:00:00,128.55293333333333,128.59186666666665,59.9888
2026-05-09 04:00:00,128.52753623188406,128.55666666666667,59.99014492753623
2026-05-09 05:00:00,128.13666666666668,128.1786956521739,59.99086956521739
2026-05-09 06:00:00,127.55513888888888,127.57124999999999,59.982083333333335
2026-05-09 07:00:00,125.90416666666667,125.92611111111111,59.989583333333336
2026-05-09 08:00:00,123.78927710843374,123.81939759036145,59.98843373493976
2026-05-09 09:00:00,124.62462686567164,124.66597014925374,59.984925373134324
2026-05-09 10:00:00,123.11366197183098,123.09211267605635,59.98718309859155
2026-05-09 11:00:00,123.97868421052631,123.98289473684211,59.98894736842105
2026-05-09 12:00:00,124.24783783783784,124.28864864864866,59.99054054054054
2026-05-09 13:00:00,125.03026666666668,125.04560000000001,59.986933333333326
2026-05-09 14:00:00,124.60000000000001,124.60618421052631,59.991447368421056
2026-05-09 15:00:00,124.73820512820512,124.77564102564102,59.9875641025641
2026-05-09 16:00:00,124.57716049382717,124.61666666666667,59.99074074074074
2026-05-09 17:00:00,124.83689655172414,124.88287356321838,59.99609195402299
2026-05-09 18:00:00,124.62324675324675,124.66233766233766,59.99181818181818
2026-05-09 19:00:00,125.15849315068493,125.18178082191781,59.990410958904114
2026-05-09 20:00:00,125.65732394366198,125.67478873239436,59.99239436619718
2026-05-09 21:00:00,126.50310810810811,126.53378378378379,59.994864864864866
2026-05-09 22:00:00,126.63666666666667,126.68680555555557,59.99194444444444
2026-05-09 23:00:00,126.84702702702702,126.89405405405405,59.99378378378378
2026-05-10 00:00:00,127.47631578947369,127.51486842105263,59.9871052631579
2026-05-10 01:00:00,127.42083333333332,127.46319444444445,59.99125
2026-05-10 02:00:00,127.8416883116883,127.88168831168831,59.99857142857143
2026-05-10 03:00:00,128.08805194805197,128.10506493506495,59.9887012987013
2026-05-10 04:00:00,128.04556962025316,128.0645569620253,59.992025316455695
2026-05-10 05:00:00,128.0503896103896,128.06116883116883,59.99805194805195
2026-05-10 06:00:00,127.34987654320987,127.3843209876543,59.989506172839505
2026-05-10 07:00:00,125.98845070422536,126.01859154929578,59.993802816901415
2026-05-10 08:00:00,124.82,124.86853333333333,59.99386666666667
2026-05-10 09:00:00,124.69013513513514,124.71000000000001,59.98932432432432
2026-05-10 10:00:00,124.71087500000002,124.76075,59.99425
2026-05-10 11:00:00,125.21272727272726,125.24714285714286,59.99376623376624
2026-05-10 12:00:00,124.6470731707317,124.65926829268292,59.99048780487805
2026-05-10 13:00:00,125.50686567164178,125.52253731343284,59.991194029850746
2026-05-10 14:00:00,125.82205128205129,125.84615384615384,59.99230769230769
2026-05-10 15:00:00,125.55881578947367,125.6090789473684,59.987500000000004
2026-05-10 16:00:00,125.70706666666668,125.70920000000001,59.99026666666667
2026-05-10 17:00:00,124.99256756756758,125.00743243243242,59.99891891891892
2026-05-10 18:00:00,124.44202898550725,124.48101449275363,59.985652173913046
2026-05-10 19:00:00,124.30520547945207,124.33849315068493,59.98958904109589
2026-05-10 20:00:00,125.234,125.25973333333333,59.99026666666667
2026-05-10 21:00:00,126.68072289156626,126.73120481927711,59.98771084337349
2026-05-10 22:00:00,127.68445945945946,127.72270270270269,59.993648648648644
2026-05-10 23:00:00,128.101,128.124,59.995571428571424
2026-05-11 00:00:00,128.21397435897435,128.2302564102564,59.98897435897436
2026-05-11 01:00:00,128.16276315789474,128.20513157894737,59.98907894736842
2026-05-11 02:00:00,128.39213333333333,128.42853333333332,59.98586666666666
2026-05-11 03:00:00,128.66228915662649,128.6910843373494,59.98915662650603
2026-05-11 04:00:00,128.50813333333335,128.52933333333334,59.99146666666666
2026-05-11 05:00:00,126.45,126.48315789473683,59.99131578947369
2026-05-11 06:00:00,125.59301369863014,125.6123287671233,59.983835616438355
2026-05-11 07:00:00,125.04890625,125.0515625,59.9915625
2026-05-11 08:00:00,123.20337349397589,123.23903614457832,59.986506024096386
2026-05-11 09:00:00,123.68666666666668,123.71679012345679,59.98518518518519
2026-05-11 10:00:00,123.28267605633802,123.30605633802816,59.98915492957746
2026-05-11 11:00:00,123.0524358974359,123.05871794871794,59.9875641025641
2026-05-11 12:00:00,124.08986842105263,124.12894736842104,59.984736842105264
2026-05-11 13:00:00,124.71469135802468,124.74469135802468,59.986543209876544
2026-05-11 14:00:00,125.09128205128206,125.1226923076923,59.99666666666666
2026-05-11 15:00:00,124.85930555555557,124.86472222222223,59.99805555555555
2026-05-11 16:00:00,124.34333333333333,124.36826666666667,59.99373333333333
2026-05-11 17:00:00,124.182625,124.20250000000001,59.989625000000004
2026-05-11 18:00:00,124.18585714285715,124.2282857142857,59.99071428571429
2026-05-11 19:00:00,124.68549295774648,124.68943661971832,59.99507042253521
2026-05-11 20:00:00,124.8767901234568,124.90666666666667,59.98901234567901
2026-05-11 21:00:00,125.62857142857143,125.65257142857143,59.99371428571429
2026-05-11 22:00:00,126.4302564102564,126.4523076923077,59.989230769230765
2026-05-11 23:00:00,127.32733333333333,127.36144444444446,59.99077777777778
2026-05-12 00:00:00,127.32735632183908,127.34229885057472,59.987816091954016
2026-05-12 01:00:00,127.74095890410959,127.78657534246575,59.985342465753426
2026-05-12 02:00:00,127.75259740259742,127.76337662337663,59.9887012987013
2026-05-12 03:00:00,127.89338028169014,127.90788732394365,59.99183098591549
2026-05-12 04:00:00,127.83971830985917,127.85366197183099,59.99507042253521
2026-05-12 05:00:00,126.4946376811594,126.51608695652175,59.98840579710145
2026-05-12 06:00:00,124.63246913580247,124.64864197530865,59.99444444444445
2026-05-12 07:00:00,124.444625,124.48412499999999,59.9825
2026-05-12 08:00:00,123.41853333333333,123.45013333333334,59.998400000000004
2026-05-12 09:00:00,124.44817073170732,124.46975609756097,59.99475609756097
2026-05-12 10:00:00,123.30088607594938,123.31493670886076,59.99215189873418
2026-05-12 11:00:00,122.85768292682927,122.87,59.99036585365854
2026-05-12 12:00:00,122.29761904761905,122.31690476190477,59.99440476190476
2026-05-12 13:00:00,123.22884615384616,123.2501282051282,59.984743589743594
2026-05-12 14:00:00,122.87556962025316,122.92177215189874,59.98848101265823
2026-05-12 15:00:00,123.57623188405798,123.61492753623189,59.99101449275363
2026-05-12 16:00:00,124.37951807228916,124.39373493975904,59.99156626506024
2026-05-12 17:00:00,124.074375,124.12225000000001,59.99175
2026-05-12 18:00:00,123.18846153846154,123.20630769230769,59.99138461538462
2026-05-12 19:00:00,124.1001282051282,124.13679487179488,59.98615384615385
2026-05-12 20:00:00,124.88556962025315,124.89620253164556,59.98670886075949
2026-05-12 21:00:00,126.11027027027026,126.14027027027026,59.9927027027027
2026-05-12 22:00:00,127.13707317073171,127.17060975609756,59.99048780487805
2026-05-12 23:00:00,127.045625,127.088875,59.997375
2026-05-13 00:00:00,127.41943661971833,127.45140845070422,59.982112676056346
2026-05-13 01:00:00,127.61384615384614,127.6301282051282,59.98589743589743
2026-05-13 02:00:00,127.89888888888888,127.94012345679012,59.988888888888894
2026-05-13 03:00:00,128.15230769230772,128.20307692307694,59.99192307692307
2026-05-13 04:00:00,127.71824324324324,127.74405405405405,59.99378378378378
2026-05-13 05:00:00,125.54823529411766,125.56470588235294,59.984117647058824
2026-05-13 06:00:00,124.48148148148148,124.49765432098765,59.99086419753087
2026-05-13 07:00:00,124.480625,124.497,59.990875
2026-05-13 08:00:00,123.68217948717948,123.73115384615386,59.995512820512815
2026-05-13 09:00:00,123.86633802816901,123.86788732394368,59.99450704225352
2026-05-13 10:00:00,123.48079999999999,123.50093333333334,59.99373333333333
2026-05-13 11:00:00,121.795,121.79297297297298,59.989729729729724
2026-05-13 12:00:00,123.15463768115941,123.16855072463767,59.98826086956521
2026-05-13 13:00:00,124.52613333333332,124.5508,59.98693333333334
2026-05-13 14:00:00,123.78935064935065,123.79896103896104,59.9938961038961
2026-05-13 15:00:00,123.99916666666667,124.01777777777778,59.990416666666675
2026-05-13 16:00:00,124.0186301369863,124.07013698630138,59.99397260273973
2026-05-13 17:00:00,124.93552631578947,124.9596052631579,59.98592105263158
2026-05-13 18:00:00,123.680625,123.72650000000002,59.990750000000006
2026-05-13 19:00:00,124.68519480519481,124.7018181818182,59.981298701298705
2026-05-13 20:00:00,124.84896103896105,124.90532467532466,59.985844155844156
2026-05-13 21:00:00,125.83493333333334,125.83986666666667,59.98906666666667
2026-05-13 22:00:00,126.65674999999999,126.66575,59.992625
2026-05-13 23:00:00,127.38916666666667,127.42555555555555,59.98763888888888
2026-05-14 00:00:00,127.67575757575759,127.67136363636362,59.98803030303031
2026-05-14 01:00:00,127.51106666666666,127.55173333333332,59.993199999999995
2026-05-14 02:00:00,127.64722891566264,127.69602409638554,59.993132530120484
2026-05-14 03:00:00,127.74270270270269,127.78378378378379,59.987837837837844
2026-05-14 04:00:00,127.37054794520547,127.40178082191781,59.9927397260274
2026-05-14 05:00:00,126.25111111111111,126.30708333333334,59.98694444444445
2026-05-14 06:00:00,123.76831168831168,123.78935064935065,59.99103896103897
2026-05-14 07:00:00,124.86726027397259,124.9009589041096,59.9886301369863
2026-05-14 08:00:00,123.81746666666666,123.86266666666667,59.99106666666667
2026-05-14 09:00:00,122.89075,122.88575,59.99037500000001
2026-05-14 10:00:00,122.46804878048779,122.48865853658536,59.98926829268292
2026-05-14 11:00:00,122.56379746835444,122.5872151898734,59.984177215189874
2026-05-14 12:00:00,123.73930555555555,123.77430555555556,59.98458333333334
2026-05-14 13:00:00,124.37306666666666,124.39266666666667,59.989866666666664
2026-05-14 14:00:00,124.18093333333333,124.23213333333334,59.99066666666667
2026-05-14 15:00:00,124.14750000000001,124.16208333333333,59.99111111111111
2026-05-14 16:00:00,124.70890243902438,124.72878048780488,59.99329268292683
2026-05-14 17:00:00,124.91,124.92238095238095,59.98984126984127
2026-05-14 18:00:00,124.1312,124.17720000000001,59.99053333333333
2026-05-14 19:00:00,124.27301369863014,124.32260273972602,59.99383561643836
2026-05-14 20:00:00,124.98525641025641,125.02089743589742,59.994230769230775
2026-05-14 21:00:00,125.69184210526316,125.74749999999999,59.996184210526316
2026-05-14 22:00:00,126.8535135135135,126.88027027027026,59.993648648648644
2026-05-14 23:00:00,126.91355263157895,126.94197368421052,59.99184210526316
2026-05-15 00:00:00,127.48350649350648,127.4977922077922,59.98649350649351
2026-05-15 01:00:00,127.84733333333332,127.88426666666666,59.994666666666674
2026-05-15 02:00:00,127.91805194805195,127.97636363636364,59.985844155844156
2026-05-15 03:00:00,127.869625,127.907,59.982375000000005
2026-05-15 04:00:00,127.74179487179488,127.7776923076923,59.98820512820513
2026-05-15 05:00:00,126.62067567567568,126.61972972972974,59.989594594594585
2026-05-15 06:00:00,124.16935064935066,124.19896103896103,59.98766233766234
2026-05-15 07:00:00,124.55492753623187,124.58434782608695,59.990434782608695
2026-05-15 08:00:00,123.77569620253165,123.80848101265823,59.98556962025316
2026-05-15 09:00:00,124.06395061728395,124.0979012345679,59.987037037037034
2026-05-15 10:00:00,123.69811594202899,123.71536231884059,59.99391304347826
2026-05-15 11:00:00,123.5475,123.58097222222221,59.989444444444445
2026-05-15 12:00:00,124.47178082191782,124.49958904109589,59.99082191780822
2026-05-15 13:00:00,125.1541095890411,125.15890410958905,59.989178082191785
2026-05-15 14:00:00,124.28407407407407,124.31802469135803,59.99061728395061
2026-05-15 15:00:00,123.88575,123.90125,59.985125000000004
2026-05-15 16:00:00,123.90074626865672,123.93179104477612,59.9910447761194
2026-05-15 17:00:00,123.94931506849314,123.96493150684933,59.99150684931507
2026-05-15 18:00:00,124.11106666666666,124.11506666666665,59.99093333333333
2026-05-15 19:00:00,124.57205128205129,124.62961538461539,59.99628205128205
2026-05-15 20:00:00,125.34527777777778,125.38666666666667,59.98833333333333
2026-05-15 21:00:00,125.71959999999999,125.74746666666665,59.986666666666665
2026-05-15 22:00:00,126.59576923076922,126.6325641025641,59.98653846153846
2026-05-15 23:00:00,126.70653846153847,126.74871794871794,59.989871794871796
2026-05-16 00:00:00,127.1627848101266,127.1959493670886,59.985189873417724
2026-05-16 01:00:00,127.14171052631579,127.16842105263157,59.9878947368421
2026-05-16 02:00:00,127.71925000000002,127.74600000000001,59.990750000000006
2026-05-16 03:00:00,127.93368421052631,127.96447368421052,59.99355263157895
2026-05-16 04:00:00,127.98848101265823,128.0213924050633,59.9846835443038
2026-05-16 05:00:00,127.34604938271606,127.33296296296295,59.995679012345676
2026-05-16 06:00:00,127.0951388888889,127.12916666666666,59.99444444444445
2026-05-16 07:00:00,125.24973684210526,125.29776315789472,59.98907894736842
2026-05-16 08:00:00,124.46328767123288,124.42027397260274,59.98561643835616
2026-05-16 09:00:00,124.83434782608695,124.8372463768116,59.99246376811593
2026-05-16 10:00:00,123.87683544303798,123.88354430379746,59.991012658227845
2026-05-16 11:00:00,123.39636363636365,123.43532467532468,59.98740259740259
2026-05-16 12:00:00,123.56025974025974,123.56155844155843,59.9887012987013
2026-05-16 13:00:00,124.46135802469136,124.49888888888889,59.98975308641975
2026-05-16 14:00:00,125.14818181818181,125.20753246753246,59.98766233766234
2026-05-16 15:00:00,124.74511904761906,124.77857142857142,59.98940476190476
2026-05-16 16:00:00,125.2453947368421,125.29815789473685,59.9871052631579
2026-05-16 17:00:00,125.32506493506494,125.34155844155843,59.99194805194805
2026-05-16 18:00:00,124.36098765432098,124.40962962962963,59.98246913580247
2026-05-16 19:00:00,125.2325,125.28541666666666,59.99222222222222
2026-05-16 20:00:00,125.31292682926829,125.34902439024391,59.99256097560976
2026-05-16 21:00:00,126.54493506493507,126.57012987012986,59.99181818181818
2026-05-16 22:00:00,126.70169014084506,126.72408450704225,59.98718309859155
2026-05-16 23:00:00,127.27282352941177,127.28835294117647,59.983411764705885
2026-05-17 00:00:00,127.45012987012987,127.49246753246753,59.99792207792208
2026-05-17 01:00:00,127.70736842105264,127.73276315789474,59.9832894736842
2026-05-17 02:00:00,127.6096103896104,127.63285714285713,59.99051948051949
2026-05-17 03:00:00,127.75342857142857,127.79914285714287,59.991428571428564
2026-05-17 04:00:00,127.8025,127.82763157894736,59.99434210526315
2026-05-17 05:00:00,127.49131578947369,127.51960526315789,59.98947368421052
2026-05-17 06:00:00,127.37792207792208,127.40480519480519,59.999610389610396
2026-05-17 07:00:00,126.18871794871794,126.21410256410257,59.98935897435898
2026-05-17 08:00:00,126.6667105263158,126.71144736842105,59.99368421052632
2026-05-17 09:00:00,124.08346153846153,124.09653846153847,59.991794871794866
2026-05-17 10:00:00,124.94435897435898,124.94179487179485,59.9875641025641
2026-05-17 11:00:00,124.76275000000001,124.82625,59.986625000000004
2026-05-17 12:00:00,124.40802631578947,124.42092105263157,59.99039473684211
2026-05-17 13:00:00,124.40246913580248,124.42358024691357,59.96407407407408
2026-05-17 14:00:00,125.83662921348314,125.87314606741575,59.98629213483146
2026-05-17 15:00:00,126.03787500000001,126.067875,59.985
2026-05-17 16:00:00,125.98847222222223,126.00916666666666,59.98375
2026-05-17 17:00:00,125.22777777777779,125.24654320987653,59.99049382716049
2026-05-17 18:00:00,124.96432432432434,124.95108108108107,59.98608108108108
2026-05-17 19:00:00,124.73435897435898,124.75025641025641,59.991666666666674
2026-05-17 20:00:00,125.260375,125.291625,59.987874999999995
2026-05-17 21:00:00,125.47111111111111,125.50098765432098,59.99296296296296
2026-05-17 22:00:00,126.40506024096386,126.42939759036143,60.00060240963855
2026-05-17 23:00:00,127.04564102564102,127.08307692307692,59.98974358974359
